-69.4072591421051,53.7958227413787,4.5,0,0,0
-69.6657640731395,53.7893105689649,4.5,0,0,0
-69.9297145060065,53.7799016369645,4.5,0,0,0
-70.2113628198292,53.7610782363079,4.5,0,0,0
-70.4930111336519,53.7422548356513,4.5,0,0,0
-70.7759480508799,53.7210876560625,4.5,0,0,0
-71.0622905628221,53.6937262035817,4.5,0,0,0
-71.3374364356667,53.6644860173186,4.5,0,0,0
-71.6180234288982,53.6312949116117,4.5,0,0,0
-71.9046255559729,53.5940616579551,4.5,0,0,0
-72.1815408875596,53.5568167777423,4.5,0,0,0
-72.4699709239232,53.5156124868332,4.5,0,0,0
-72.7399591421051,53.4770427413787,4.5,0,0,0
-73.000779142105,53.3901027413787,4.5,0,0,0
-73.2612537683239,53.3555025680309,4.5,0,0,0
-73.5478826090606,53.317071885474,4.5,0,0,0
-73.8345114497974,53.2786412029171,4.5,0,0,0
-74.1192017124615,53.2444781822792,4.5,0,0,0
-74.368034337227,53.2224074974762,4.5,0,0,0
-74.5769172066212,53.2162227413787,4.5,0,0,0
-74.9424391421051,53.2162227413787,4.5,0,0,0
-75.2032591421051,53.1872427413787,4.5,0,0,0
-75.3771391421051,53.1292827413787,4.5,0,0,0
-75.5799991421051,53.0423427413787,4.5,0,0,0
-75.724899142105,52.8974427413787,4.5,0,0,0
-75.8697991421051,52.6945827413787,4.5,0,0,0
-75.9277591421051,52.5496827413787,4.5,0,0,0
-75.9567391421051,52.4047827413787,4.5,0,0,0
-75.9567391421051,52.2147567413787,4.5,0,0,0
-75.9567391421051,52.0247307413787,4.5,0,0,0
-75.9277591421051,51.7382427413787,4.5,0,0,0
-75.811839142105,51.5353827413787,4.5,0,0,0
-75.7538791421051,51.3904827413787,4.5,0,0,0
-75.6298447421051,51.2154435413787,4.5,0,0,0
-75.4598607808246,51.0256604929031,4.5,0,0,0
-75.2545008456112,50.8196836598238,4.5,0,0,0
-75.0491409103977,50.6137068267445,4.5,0,0,0
-74.8437809751843,50.4077299936653,4.5,0,0,0
-74.6384210399709,50.201753160586,4.5,0,0,0
-74.4330611047575,49.9957763275067,4.5,0,0,0
-74.2277011695441,49.7897994944275,4.5,0,0,0
-74.0223412343307,49.5838226613482,4.5,0,0,0
-73.8169812991172,49.3778458282689,4.5,0,0,0
-73.6116213639038,49.1718689951897,4.5,0,0,0
-73.4062614286904,48.9658921621104,4.5,0,0,0
-73.200901493477,48.7599153290311,4.5,0,0,0
-72.9955415582636,48.5539384959519,4.5,0,0,0
-72.7901816230502,48.3479616628726,4.5,0,0,0
-72.5848216878368,48.1419848297933,4.5,0,0,0
-72.3794617526233,47.936007996714,4.5,0,0,0
-72.1741018174099,47.7300311636348,4.5,0,0,0
-71.9687418821965,47.5240543305555,4.5,0,0,0
-71.7633819469831,47.3180774974762,4.5,0,0,0
-71.5580220117697,47.112100664397,4.5,0,0,0
-71.3526620765563,46.9061238313177,4.5,0,0,0
-71.1473021413429,46.7001469982384,4.5,0,0,0
-70.9419422061294,46.4941701651592,4.5,0,0,0
-70.736582270916,46.2881933320799,4.5,0,0,0
-70.5312223357026,46.0822164990006,4.5,0,0,0
-70.3258624004892,45.8762396659214,4.5,0,0,0
-70.1205024652758,45.6702628328421,4.5,0,0,0
-69.9272725899158,45.4728433548718,4.5,0,0,0
-69.7212681017295,45.2611122097895,4.5,0,0,0
-69.5152636135432,45.0493810647073,4.5,0,0,0
-69.309259125357,44.837649919625,4.5,0,0,0
-69.1032546371707,44.6259187745427,4.5,0,0,0
-68.8972501489844,44.4141876294604,4.5,0,0,0
-68.6912456607982,44.2024564843782,4.5,0,0,0
-68.4852411726119,43.9907253392959,4.5,0,0,0
-68.2792366844256,43.7789941942136,4.5,0,0,0
-68.0732321962393,43.5672630491313,4.5,0,0,0
-67.8687130789249,43.3570946390505,4.5,0,0,0
-67.6629202468577,43.1454173312361,4.5,0,0,0
-67.4571274147905,42.9337400234217,4.5,0,0,0
-67.2513345827233,42.7220627156072,4.5,0,0,0
-67.0455417506561,42.5103854077928,4.5,0,0,0
-66.839748918589,42.2987080999783,4.5,0,0,0
-66.6339560865218,42.0870307921639,4.5,0,0,0
-66.4281632544546,41.8753534843494,4.5,0,0,0
-66.2223704223874,41.663676176535,4.5,0,0,0
-66.0165775903202,41.4519988687205,4.5,0,0,0
-65.8147993605656,41.2436812813158,4.5,0,0,0
-65.6094909000476,41.0314113442032,4.5,0,0,0
-65.4041824395297,40.8191414070906,4.5,0,0,0
-65.1988739790117,40.6068714699781,4.5,0,0,0
-64.9935655184937,40.3946015328655,4.5,0,0,0
-64.7882570579758,40.1823315957529,4.5,0,0,0
-64.5829485974578,39.9700616586403,4.5,0,0,0
-64.3776401369398,39.7577917215277,4.5,0,0,0
-64.1911100582436,39.5625738226754,4.5,0,0,0
-63.9905466121463,39.3471356553873,4.5,0,0,0
-63.789983166049,39.1316974880992,4.5,0,0,0
-63.5894197199517,38.9162593208111,4.5,0,0,0
-63.408798866243,38.7194274310339,4.5,0,0,0
-63.2134523622642,38.4996626140577,4.5,0,0,0
-63.0224492819,38.2839225810804,4.5,0,0,0
-62.8451945601378,38.077432143018,4.5,0,0,0
-62.6640767565765,37.8620158787444,4.5,0,0,0
-62.4760032732526,37.6363276987557,4.5,0,0,0
-62.3100712786904,37.4324482983173,4.5,0,0,0
-62.149507942105,37.2215811413787,4.5,0,0,0
-61.9721503421051,36.9851043413787,4.5,0,0,0
-61.7947927421051,36.7486275413787,4.5,0,0,0
-61.6614252959512,36.5549519721479,4.5,0,0,0
-61.5174764344127,36.3512002798402,4.5,0,0,0
-61.379799142105,36.1470027413787,4.5,0,0,0
-61.2059191421051,35.8861827413787,4.5,0,0,0
-61.0868474710175,35.6850907519888,4.5,0,0,0
-60.9377487055146,35.469437086493,4.5,0,0,0
-60.8139340800703,35.2257551483265,4.5,0,0,0
-60.6505530378867,34.9806835850511,4.5,0,0,0
-60.488167083893,34.7371046540606,4.5,0,0,0
-60.3090550190281,34.5119065567633,4.5,0,0,0
-60.1447016107992,34.2896387700012,4.5,0,0,0
-59.9827083728743,34.0658565875325,4.5,0,0,0
-59.8393560959512,33.8627099721479,4.5,0,0,0
-59.6924943728743,33.6580665875325,4.5,0,0,0
-59.6140516760417,33.5124453658131,4.5,0,0,0
-59.4849529882589,33.3047335106095,4.5,0,0,0
-59.3721291421051,33.1385567413787,4.5,0,0,0
-59.2900191421051,32.9579147413787,4.5,0,0,0
-59.148339142105,32.6983827413787,4.5,0,0,0
-58.9821493655687,32.481923188306,4.5,0,0,0
-58.8706816002056,32.2589876575798,4.5,0,0,0
-58.7592138348425,32.0360521268535,4.5,0,0,0
-58.6477460694794,31.8131165961273,4.5,0,0,0
-58.5362783041162,31.590181065401,4.5,0,0,0
-58.4248105387531,31.3672455346748,4.5,0,0,0
-58.31334277339,31.1443100039485,4.5,0,0,0
-58.1447015949352,30.712159156473,4.5,0,0,0
-57.9601591421051,30.3799827413787,4.5,0,0,0
-57.860482708984,30.0813226139901,4.5,0,0,0
-57.7519945350925,29.8848191819204,4.5,0,0,0
-57.643506361201,29.6883157498506,4.5,0,0,0
-57.5541577828817,29.4115442947767,4.5,0,0,0
-57.4106645789983,29.1532565277864,4.5,0,0,0
-57.3212191421051,28.8753227413787,4.5,0,0,0
-57.1804591421051,28.6172627413787,4.5,0,0,0
-57.0396991421051,28.3592027413787,4.5,0,0,0
-56.9503608896779,28.0812778870097,4.5,0,0,0
-56.8068676857944,27.8229901200195,4.5,0,0,0
-56.7140191421051,27.5979027413787,4.5,0,0,0
-56.6459481310359,27.4166464702761,4.5,0,0,0
-56.5374599571443,27.2201430382063,4.5,0,0,0
-56.3952391421051,26.9603427413787,4.5,0,0,0
-56.295562708984,26.6616826139901,4.5,0,0,0
-56.1554004159904,26.4047184101685,4.5,0,0,0
-56.047479142105,26.2068627413787,4.5,0,0,0
-55.9422215949352,25.901479156473,4.5,0,0,0
-55.757679142105,25.5693027413787,4.5,0,0,0
-55.658002708984,25.2706426139901,4.5,0,0,0
-55.5178404159904,25.0136784101685,4.5,0,0,0
-55.4099191421051,24.8158227413787,4.5,0,0,0
-55.3046615949352,24.510439156473,4.5,0,0,0
-55.1201191421051,24.1782627413787,4.5,0,0,0
-55.020442708984,23.8796026139901,4.5,0,0,0
-54.8802804159904,23.6226384101685,4.5,0,0,0
-54.7723591421051,23.4247827413787,4.5,0,0,0
-54.672682708984,23.1261226139901,4.5,0,0,0
-54.5325204159904,22.8691584101685,4.5,0,0,0
-54.4245991421051,22.6713027413787,4.5,0,0,0
-54.324922708984,22.3726426139901,4.5,0,0,0
-54.1878522816773,22.1196922549064,4.5,0,0,0
-54.0748679022841,21.8513987034116,4.5,0,0,0
-53.9435712528317,21.5947709489911,4.5,0,0,0
-53.8268490382988,21.329548796742,4.5,0,0,0
-53.6980936057729,21.0649483607558,4.5,0,0,0
-53.5767897004916,20.8014186030432,4.5,0,0,0
-53.4659331985042,20.536853448537,4.5,0,0,0
-53.3304497647523,20.2759258489468,4.5,0,0,0
-53.1934749538655,20.015050411291,4.5,0,0,0
-53.0821822880125,19.7441861196361,4.5,0,0,0
-52.9536699107883,19.4933542557857,4.5,0,0,0
-52.8457687421051,19.2325359413787,4.5,0,0,0
-52.7178891908855,18.9680828389397,4.5,0,0,0
-52.5857121177148,18.7037286925982,4.5,0,0,0
-52.4535350445441,18.4393745462567,4.5,0,0,0
-52.3213579713733,18.1750203999153,4.5,0,0,0
-52.1891808982026,17.9106662535738,4.5,0,0,0
-52.0570038250319,17.6463121072323,4.5,0,0,0
-51.9248267518612,17.3819579608909,4.5,0,0,0
-51.7926496786904,17.1176038145494,4.5,0,0,0
-51.6604726055197,16.8532496682079,4.5,0,0,0
-51.5192042455533,16.6006922586201,4.5,0,0,0
-51.383435937645,16.3525329862061,4.5,0,0,0
-51.2580046017676,16.0953251615087,4.5,0,0,0
-51.1191631359861,15.8433088526668,4.5,0,0,0
-50.9846452310566,15.5874484173687,4.5,0,0,0
-50.8602350001604,15.3282496902358,4.5,0,0,0
-50.7235817261587,15.0723606200216,4.5,0,0,0
-50.5720968982026,14.8198724772912,4.5,0,0,0
-50.4426360689343,14.5556960828421,4.5,0,0,0
-50.2977963690095,14.3090191088611,4.5,0,0,0
-50.1774196077436,14.0461728901738,4.5,0,0,0
-50.0332199154148,13.7985244426602,4.5,0,0,0
-49.8902068623091,13.5526357937475,4.5,0,0,0
-49.7737369135024,13.2934441537955,4.5,0,0,0
-49.613713098735,13.0484798334512,4.5,0,0,0
-49.4840803064471,12.7867853611482,4.5,0,0,0
-49.345444630907,12.5348137118728,4.5,0,0,0
-49.1981751321513,12.2870811351376,4.5,0,0,0
-49.0854745598086,12.0287050776452,4.5,0,0,0
-48.9473791421051,11.7748227413787,4.5,0,0,0
-48.7734991421051,11.5140027413787,4.5,0,0,0
-48.7155391421051,11.3691027413787,4.5,0,0,0
-48.5416591421051,11.1082827413787,4.5,0,0,0
-48.4287370731395,10.9374006724132,4.5,0,0,0
-48.3048225903809,10.6935689482752,4.5,0,0,0
-48.1649191421051,10.4997027413787,4.5,0,0,0
-48.0779791421051,10.3258227413787,4.5,0,0,0
-47.9458972190281,10.1240773567633,4.5,0,0,0
-47.8092912688019,9.90830093142392,4.5,0,0,0
-47.646400065182,9.66396412599406,4.5,0,0,0
-47.5110411728743,9.46266458753253,4.5,0,0,0
-47.3694452543712,9.26302190977785,4.5,0,0,0
-47.2074946514605,9.02009600541193,4.5,0,0,0
-47.0601123728743,8.80771658753251,4.5,0,0,0
-46.9076257583213,8.59303804948679,4.5,0,0,0
-46.738069261024,8.35756380083814,4.5,0,0,0
-46.5710191421051,8.12334274137868,4.5,0,0,0
-46.4039690231861,7.88912168191922,4.5,0,0,0
-46.2344125258888,7.65364743327057,4.5,0,0,0
-46.0667044826456,7.41619941164895,4.5,0,0,0
-45.8971479853483,7.1807251630003,4.5,0,0,0
-45.7294399421051,6.94327714137868,4.5,0,0,0
-45.5277391421051,6.67434274137868,4.5,0,0,0
-45.383998342105,6.46336834137868,4.5,0,0,0
-45.2348061691321,6.26392328191922,4.5,0,0,0
-45.094198342105,6.05764834137868,4.5,0,0,0
-44.9450061691321,5.85820328191922,4.5,0,0,0
-44.8043983421051,5.65192834137868,4.5,0,0,0
-44.6494222190281,5.44380735676328,4.5,0,0,0
-44.5145983421051,5.24620834137868,4.5,0,0,0
-44.3596222190281,5.03808735676329,4.5,0,0,0
-44.224798342105,4.84048834137868,4.5,0,0,0
-44.0698222190281,4.63236735676328,4.5,0,0,0
-43.875879142105,4.38492274137868,4.5,0,0,0
-43.7658033416893,4.26327904075497,4.5,0,0,0
-43.6288617095469,4.04500755998333,4.5,0,0,0
-43.4646764394024,3.84056868732462,4.5,0,0,0
-43.3240999421051,3.63955714137867,4.5,0,0,0
-43.1780094123753,3.43954814678408,4.5,0,0,0
-43.0305441341051,3.22882939737867,4.5,0,0,0
-42.8615791421051,2.96490274137868,4.5,0,0,0
-42.7618879421051,2.82232114137868,4.5,0,0,0
-42.6181471421051,2.61830194137868,4.5,0,0,0
-42.4692995961591,2.412622265703,4.5,0,0,0
-42.3254491421051,2.20852474137867,4.5,0,0,0
-42.1767112502132,2.00292339002733,4.5,0,0,0
-42.0327511421051,1.79874754137868,4.5,0,0,0
-41.8841229042672,1.59322451435164,4.5,0,0,0
-41.7400531421051,1.38897034137868,4.5,0,0,0
-41.5915345583213,1.18352563867597,4.5,0,0,0
-41.4394335964879,0.981302097371522,4.5,0,0,0
-41.2903648434625,0.752981293414866,4.5,0,0,0
-41.1412350991712,0.528612723489587,4.5,0,0,0
-40.9906303421051,0.325404341378679,4.5,0,0,0
-40.8909391421051,0.182822741378676,4.5,0,0,0
-40.8077442497974,0.030789202917131,4.5,0,0,0
-40.6659290231861,-0.167318318080781,4.5,0,0,0
-40.4963725258888,-0.402792566729431,4.5,0,0,0
-40.3438859113358,-0.617471104775166,4.5,0,0,0
-40.1954191421051,-0.831477258621334,4.5,0,0,0
-40.0469523728743,-1.04548341246749,4.5,0,0,0
-39.8892120036435,-1.26528556631363,4.5,0,0,0
-39.7039183421051,-1.53511165862132,4.5,0,0,0
-39.5547261691321,-1.73455671808078,4.5,0,0,0
-39.4141183421051,-1.94083165862132,4.5,0,0,0
-39.2649261691321,-2.14027671808078,4.5,0,0,0
-39.1243183421051,-2.34655165862132,4.5,0,0,0
-38.946960742105,-2.58302845862131,4.5,0,0,0
-38.7841605374539,-2.7879642353655,4.5,0,0,0
-38.605347197919,-2.98122713769109,4.5,0,0,0
-38.4287983421051,-3.21595165862132,4.5,0,0,0
-38.251440742105,-3.45242845862132,4.5,0,0,0
-38.0740831421051,-3.68890525862133,4.5,0,0,0
-37.9255802231861,-3.8884756369997,4.5,0,0,0
-37.787760742105,-4.08998845862132,4.5,0,0,0
-37.610403142105,-4.32646525862133,4.5,0,0,0
-37.4626232169491,-4.52495114635521,4.5,0,0,0
-37.3088665433524,-4.75558615675023,4.5,0,0,0
-37.1598310190281,-4.97160464323671,4.5,0,0,0
-37.0098483728743,-5.18962341246748,4.5,0,0,0
-36.8471145267204,-5.43372418169825,4.5,0,0,0
-36.7553226715168,-5.60848931744485,4.5,0,0,0
-36.6018991421051,-5.90297725862132,4.5,0,0,0
-36.456999142105,-6.10583725862132,4.5,0,0,0
-36.3440770731395,-6.27671932758685,4.5,0,0,0
-36.2380608621725,-6.46170970381525,4.5,0,0,0
-36.1094332557149,-6.72754009049433,4.5,0,0,0
-35.9808056492573,-6.99337047717343,4.5,0,0,0
-35.8521780427996,-7.25920086385251,4.5,0,0,0
-35.723550436342,-7.52503125053161,4.5,0,0,0
-35.5949228298844,-7.79086163721069,4.5,0,0,0
-35.4886170142378,-8.00884746760004,4.5,0,0,0
-35.3990785184044,-8.17088819417226,4.5,0,0,0
-35.264182342105,-8.36279965862132,4.5,0,0,0
-35.1099707355477,-8.56176398649017,4.5,0,0,0
-34.9956691077932,-8.69702269514438,4.5,0,0,0
-34.7761591421051,-8.88791725862132,4.5,0,0,0
-34.602279142105,-9.00383725862132,4.5,0,0,0
-34.4573791421051,-9.06179725862132,4.5,0,0,0
-34.225539142105,-9.11975725862132,4.5,0,0,0
-34.0284751421051,-9.11975725862132,4.5,0,0,0
-33.8434324754384,-9.10473059195466,4.5,0,0,0
-33.6084356126933,-9.06691137626838,4.5,0,0,0
-33.3276918626933,-8.98902762626838,4.5,0,0,0
-33.0513696935756,-8.90704192773897,4.5,0,0,0
-32.7728288998905,-8.83627469806769,4.5,0,0,0
-32.5157191421051,-8.77199725862132,4.5,0,0,0
-32.2818334950462,-8.68164784685662,4.5,0,0,0
-32.0077167891639,-8.63050667038602,4.5,0,0,0
-31.7213262009286,-8.5589090233272,4.5,0,0,0
-31.4887403921051,-8.48763100862132,4.5,0,0,0
-31.2546378964303,-8.42774694720264,4.5,0,0,0
-31.0087591421051,-8.36627725862132,4.5,0,0,0
-30.7748734950462,-8.27592784685662,4.5,0,0,0
-30.5007567891639,-8.22478667038603,4.5,0,0,0
-30.2143662009286,-8.1531890233272,4.5,0,0,0
-29.9817803921051,-8.08191100862132,4.5,0,0,0
-29.7476778964303,-8.02202694720264,4.5,0,0,0
-29.5017991421051,-7.96055725862132,4.5,0,0,0
-29.2679134950462,-7.87020784685662,4.5,0,0,0
-28.9937967891639,-7.81906667038602,4.5,0,0,0
-28.7074062009286,-7.7474690233272,4.5,0,0,0
-28.4849633921051,-7.66025200862132,4.5,0,0,0
-28.2519488998905,-7.61911469806769,4.5,0,0,0
-27.994839142105,-7.55483725862132,4.5,0,0,0
-27.7609534950462,-7.46448784685662,4.5,0,0,0
-27.4868367891639,-7.41334667038603,4.5,0,0,0
-27.2004462009286,-7.3417490233272,4.5,0,0,0
-26.978003392105,-7.25453200862132,4.5,0,0,0
-26.7449888998905,-7.21339469806768,4.5,0,0,0
-26.487879142105,-7.14911725862132,4.5,0,0,0
-26.2539934950462,-7.05876784685662,4.5,0,0,0
-25.9798767891639,-7.00762667038602,4.5,0,0,0
-25.6934862009286,-6.9360290233272,4.5,0,0,0
-25.471043392105,-6.84881200862132,4.5,0,0,0
-25.2380288998905,-6.80767469806768,4.5,0,0,0
-24.9556493843196,-6.73707981917496,4.5,0,0,0
-24.6811039950462,-6.65667034685662,4.5,0,0,0
-24.4074560832815,-6.58554149391544,4.5,0,0,0
-24.1115191421051,-6.51155725862132,4.5,0,0,0
-23.8776334950462,-6.42120784685662,4.5,0,0,0
-23.6035167891639,-6.37006667038603,4.5,0,0,0
-23.3341199876933,-6.29841575126838,4.5,0,0,0
-23.0748448773992,-6.20257931744485,4.5,0,0,0
-22.7886673773992,-6.15186431744485,4.5,0,0,0
-22.5666622190281,-6.08577418169824,4.5,0,0,0
-22.3396478479874,-6.01207843509191,4.5,0,0,0
-22.0638264362227,-5.95616408215074,4.5,0,0,0
-21.7980734435756,-5.88406567773897,4.5,0,0,0
-21.5403112597521,-5.78978478803309,4.5,0,0,0
-21.2544320832815,-5.73932549391544,4.5,0,0,0
-21.0407537574897,-5.67002264323671,4.5,0,0,0
-20.8223459656345,-5.60522196450368,4.5,0,0,0
-20.5459563185756,-5.54771655273898,4.5,0,0,0
-20.228199142105,-5.46827725862132,4.5,0,0,0
-19.9943134950462,-5.37792784685662,4.5,0,0,0
-19.7201967891639,-5.32678667038602,4.5,0,0,0
-19.4507999876933,-5.25513575126838,4.5,0,0,0
-19.18211139124,-5.17777532090506,4.5,0,0,0
-18.8998923185756,-5.10722055273897,4.5,0,0,0
-18.6795525267204,-5.04048787400594,4.5,0,0,0
-18.4563278479874,-4.96879843509191,4.5,0,0,0
-18.1805064362227,-4.91288408215074,4.5,0,0,0
-17.9147534435756,-4.84078567773897,4.5,0,0,0
-17.6470738825895,-4.76503594374243,4.5,0,0,0
-17.365657024458,-4.69468172920956,4.5,0,0,0
-17.153644065182,-4.62473633554441,4.5,0,0,0
-16.933855024458,-4.56137372920956,4.5,0,0,0
-16.6571812597521,-4.50307278803308,4.5,0,0,0
-16.3932501715168,-4.43075064097426,4.5,0,0,0
-16.1288828791293,-4.35650819287738,4.5,0,0,0
-15.8423318479874,-4.2848704350919,4.5,0,0,0
-15.6353149882589,-4.21299741246748,4.5,0,0,0
-15.4217240832815,-4.15508549391544,4.5,0,0,0
-15.1447662009286,-4.0959890233272,4.5,0,0,0
-14.8814424141639,-4.02359229538602,4.5,0,0,0
-14.6261946715168,-3.93301914097427,4.5,0,0,0
-14.3408269068109,-3.88051419979779,4.5,0,0,0
-14.1321446805666,-3.80928372015979,4.5,0,0,0
-13.9147640832815,-3.74936549391544,4.5,0,0,0
-13.6378062009286,-3.6902690233272,4.5,0,0,0
-13.3744824141639,-3.61787229538603,4.5,0,0,0
-13.1093473773992,-3.54366431744485,4.5,0,0,0
-12.8229567891639,-3.47206667038602,4.5,0,0,0
-12.5535599876933,-3.40041575126838,4.5,0,0,0
-12.28487139124,-3.32305532090506,4.5,0,0,0
-12.0032596200462,-3.25242597185661,4.5,0,0,0
-11.7269374509286,-3.17044027332721,4.5,0,0,0
-11.4491644016206,-3.09963857350021,4.5,0,0,0
-11.1667848860497,-3.02904369460748,4.5,0,0,0
-10.8915782965168,-2.92922439097426,4.5,0,0,0
-10.6079635225806,-2.86606186437852,4.5,0,0,0
-10.3460191421051,-2.80211725862132,4.5,0,0,0
-10.085199142105,-2.68619725862132,4.5,0,0,0
-9.87703294492195,-2.66538063890301,4.5,0,0,0
-9.67460855386976,-2.6270196115625,4.5,0,0,0
-9.44763914210505,-2.54129725862132,4.5,0,0,0
-9.24477914210505,-2.48333725862132,4.5,0,0,0
-9.06477660689378,-2.45394908960724,4.5,0,0,0
-8.85829796563446,-2.40845196450368,4.5,0,0,0
-8.69415914210505,-2.33843725862132,4.5,0,0,0
-8.49129914210505,-2.28047725862132,4.5,0,0,0
-8.24070737739916,-2.23956431744485,4.5,0,0,0
-7.97935465681093,-2.16743394979779,4.5,0,0,0
-7.73781914210505,-2.07761725862132,4.5,0,0,0
-7.55781660689377,-2.04822908960724,4.5,0,0,0
-7.35133796563446,-2.00273196450367,4.5,0,0,0
-7.18719914210506,-1.93271725862132,4.5,0,0,0
-6.98433914210506,-1.87475725862132,4.5,0,0,0
-6.73374737739917,-1.83384431744485,4.5,0,0,0
-6.47239465681094,-1.76171394979779,4.5,0,0,0
-6.23085914210505,-1.67189725862132,4.5,0,0,0
-6.05085660689378,-1.64250908960724,4.5,0,0,0
-5.80914737739917,-1.58820431744485,4.5,0,0,0
-5.56431914210506,-1.49801725862132,4.5,0,0,0
-5.33166737739917,-1.45434431744485,4.5,0,0,0
-5.05754204651682,-1.38332251597426,4.5,0,0,0
-4.81083914210505,-1.26617725862132,4.5,0,0,0
-4.54389660689377,-1.23678908960724,4.5,0,0,0
-4.30218737739916,-1.18248431744485,4.5,0,0,0
-4.05735914210505,-1.09229725862132,4.5,0,0,0
-3.82470737739916,-1.04862431744485,4.5,0,0,0
-3.55058204651682,-0.977602515974262,4.5,0,0,0
-3.30387914210505,-0.86045725862132,4.5,0,0,0
-3.03693660689378,-0.831069089607237,4.5,0,0,0
-2.79522737739917,-0.776764317444851,4.5,0,0,0
-2.55039914210506,-0.686577258621323,4.5,0,0,0
-2.31774737739917,-0.642904317444849,4.5,0,0,0
-2.04362204651682,-0.571882515974259,4.5,0,0,0
-1.79691914210505,-0.454737258621321,4.5,0,0,0
-1.52997660689378,-0.425349089607234,4.5,0,0,0
-1.28826737739917,-0.371044317444852,4.5,0,0,0
-1.04343914210505,-0.280857258621321,4.5,0,0,0
-0.810787377399166,-0.23718431744485,4.5,0,0,0
-0.536662046516817,-0.166162515974261,4.5,0,0,0
-0.307618829605055,-0.054903821121325,4.5,0,0,0
-0.029139142105052,0.008942741378679,4.5,0,0,0
0.186949375542007,0.044127870790444,4.5,0,0,0
0.410302071130246,0.088691013437504,4.5,0,0,0
0.593702763445904,0.184551457203032,4.5,0,0,0
0.836155157812094,0.213939626217119,4.5,0,0,0
1.10108085789495,0.298742741378678,4.5,0,0,0
1.30394085789494,0.35670274137868,4.5,0,0,0
1.48394339310622,0.386090910392763,4.5,0,0,0
1.72565262260083,0.440395682555149,4.5,0,0,0
1.97048085789495,0.530582741378677,4.5,0,0,0
2.17334085789494,0.588542741378678,4.5,0,0,0
2.35334339310622,0.617930910392765,4.5,0,0,0
2.59505262260083,0.672235682555147,4.5,0,0,0
2.83988085789495,0.762422741378675,4.5,0,0,0
3.07253262260083,0.806095682555149,4.5,0,0,0
3.34665795348318,0.877117484025739,4.5,0,0,0
3.59336085789495,0.99426274137868,4.5,0,0,0
3.86030339310621,1.02365091039276,4.5,0,0,0
4.10096210356969,1.07769305279736,4.5,0,0,0
4.36633843142436,1.15354619726103,4.5,0,0,0
4.63469262260082,1.22561568255515,4.5,0,0,0
4.9020955270126,1.29722093990809,4.5,0,0,0
5.10032085789494,1.39998274137868,4.5,0,0,0
5.36726339310622,1.42937091039276,4.5,0,0,0
5.60897262260083,1.48367568255515,4.5,0,0,0
5.85380085789495,1.57386274137868,4.5,0,0,0
6.08645262260083,1.61753568255515,4.5,0,0,0
6.36057795348318,1.68855748402574,4.5,0,0,0
6.60728085789495,1.80570274137868,4.5,0,0,0
6.84973325226115,1.83509091039276,4.5,0,0,0
7.09509310054201,1.89120439579044,4.5,0,0,0
7.33996344613023,1.9990163884375,4.5,0,0,0
7.62101262260083,2.03015568255515,4.5,0,0,0
7.89177674024789,2.10146921196691,4.5,0,0,0
8.11424085789494,2.21142274137868,4.5,0,0,0
8.35669325226115,2.24081091039277,4.5,0,0,0
8.60205310054201,2.29692439579044,4.5,0,0,0
8.83947144613024,2.4072203884375,4.5,0,0,0
9.06478485789495,2.44326274137868,4.5,0,0,0
9.29389732848318,2.47735685902574,4.5,0,0,0
9.50528085789495,2.55918274137868,4.5,0,0,0
9.66398657454781,2.62232888885175,4.5,0,0,0
9.906438968914,2.65171705786584,4.5,0,0,0
10.1428408578949,2.73306274137868,4.5,0,0,0
10.3538834461302,2.8104563884375,4.5,0,0,0
10.6349326226008,2.84159568255516,4.5,0,0,0
10.9056967402479,2.91290921196691,4.5,0,0,0
11.1281608578949,3.02286274137868,4.5,0,0,0
11.3951033931062,3.05225091039276,4.5,0,0,0
11.6368126226008,3.10655568255515,4.5,0,0,0
11.8782314461302,3.1871963884375,4.5,0,0,0
12.0845008578949,3.25470274137868,4.5,0,0,0
12.2645033931062,3.28409091039276,4.5,0,0,0
12.5051621035697,3.33813305279736,4.5,0,0,0
12.7875416191406,3.4087279316901,4.5,0,0,0
13.0605515196597,3.48920634431985,4.5,0,0,0
13.3354140343656,3.56018603549632,4.5,0,0,0
13.6176331070299,3.63074080366241,4.5,0,0,0
13.8863217034832,3.70810123402574,4.5,0,0,0
14.1557185049538,3.77975215314338,4.5,0,0,0
14.4421090931891,3.8513498002022,4.5,0,0,0
14.7223627402479,3.93590321196691,4.5,0,0,0
14.9966179534832,4.00695748402574,4.5,0,0,0
15.2703955983794,4.08740142649978,4.5,0,0,0
15.5332274020126,4.16171281490809,4.5,0,0,0
15.7774713116765,4.23599406910977,4.5,0,0,0
16.023788482895,4.31663861637869,4.5,0,0,0
16.228640857895,4.41390274137868,4.5,0,0,0
16.3735408578949,4.47186274137868,4.5,0,0,0
16.5208041134114,4.52507769500836,4.5,0,0,0
16.8372208578949,4.70370274137868,4.5,0,0,0
17.0044266760768,4.7574474686514,4.5,0,0,0
17.177252857895,4.81575874137868,4.5,0,0,0
17.4400048578949,4.94713474137868,4.5,0,0,0
17.6958283061708,5.09103543103385,4.5,0,0,0
17.9475881513353,5.22807268490097,4.5,0,0,0
18.2087608872684,5.35619803015457,4.5,0,0,0
18.4699336232015,5.48432337540817,4.5,0,0,0
18.7311063591346,5.61244872066178,4.5,0,0,0
18.9808342551533,5.76353743236479,4.5,0,0,0
19.227661964001,5.87928419471879,4.5,0,0,0
19.4454208578949,5.97882274137868,4.5,0,0,0
19.764200857895,6.18168274137868,4.5,0,0,0
19.9670608578949,6.26862274137868,4.5,0,0,0
20.1699208578949,6.41352274137867,4.5,0,0,0
20.3408029268605,6.5264448103442,4.5,0,0,0
20.598624995826,6.66834687930971,4.5,0,0,0
20.8364608578949,6.81924274137868,4.5,0,0,0
20.9769023963565,6.89113543368638,4.5,0,0,0
21.1842208578949,7.02210274137868,4.5,0,0,0
21.3859662425103,7.1541846644556,4.5,0,0,0
21.6017426678497,7.29079061468185,4.5,0,0,0
21.8507608578949,7.45680274137868,4.5,0,0,0
22.044703934818,7.59575812599406,4.5,0,0,0
22.2645952578949,7.74544354137868,4.5,0,0,0
22.5002088946238,7.92222653076175,4.5,0,0,0
22.7046270518825,8.08193569656869,4.5,0,0,0
22.879754942402,8.22497682588572,4.5,0,0,0
23.0671045198668,8.41232640335051,4.5,0,0,0
23.2544540973316,8.59967598081529,4.5,0,0,0
23.5026208578949,8.87682274137868,4.5,0,0,0
23.6273881175103,9.08435019330176,4.5,0,0,0
23.7634408578949,9.31152274137868,4.5,0,0,0
23.821400857895,9.48540274137868,4.5,0,0,0
23.8793608578949,9.80418274137868,4.5,0,0,0
23.8793608578949,10.0997787413787,4.5,0,0,0
23.8643341912283,10.2871827413787,4.5,0,0,0
23.8333337990714,10.4809509766728,4.5,0,0,0
23.7627389201787,10.7633304922437,4.5,0,0,0
23.6853440196597,11.0312513443199,4.5,0,0,0
23.6043465721807,11.2999055985215,4.5,0,0,0
23.525847475542,11.5623737707904,4.5,0,0,0
23.4471657318445,11.8245375312947,4.5,0,0,0
23.3677892770126,12.0886484399081,4.5,0,0,0
23.3088171078949,12.2982739913787,4.5,0,0,0
23.2243334606347,12.5672073989129,4.5,0,0,0
23.1220802021573,12.7829466758049,4.5,0,0,0
23.0736218415015,13.0736968397393,4.5,0,0,0
22.9795556119933,13.3482942167885,4.5,0,0,0
22.8940408578949,13.6295427413787,4.5,0,0,0
22.8519026593655,13.8660174104963,4.5,0,0,0
22.7491408578949,14.1222027413787,4.5,0,0,0
22.7149349562556,14.3074847085918,4.5,0,0,0
22.662200857895,14.5279227413787,4.5,0,0,0
22.5895803873067,14.7604446237316,4.5,0,0,0
22.5263571078949,14.9934139913787,4.5,0,0,0
22.458658975542,15.2261702707904,4.5,0,0,0
22.3818637150378,15.4931341699501,4.5,0,0,0
22.2971807108361,15.774275829614,4.5,0,0,0
22.2186576961302,16.0539541384375,4.5,0,0,0
22.1339507738613,16.335745934656,4.5,0,0,0
22.0556665049538,16.6063001531434,4.5,0,0,0
21.9956608578949,16.8173427413787,4.5,0,0,0
21.9182045889874,17.0572609598661,4.5,0,0,0
21.837512857895,17.3290467413787,4.5,0,0,0
21.7663566078949,17.5632154913787,4.5,0,0,0
21.676880857895,17.7736827413787,4.5,0,0,0
21.6189208578949,17.9765427413787,4.5,0,0,0
21.5250022181891,18.2136566752022,4.5,0,0,0
21.5309371604159,18.2651946741518,4.5,0,0,0
21.4628804942586,18.4329965595605,4.5,0,0,0
21.4001340343655,18.6107420354963,4.5,0,0,0
21.3204907843655,18.8750292854963,4.5,0,0,0
21.2413458999117,19.13849114474,4.5,0,0,0
21.1624325858361,19.401303954614,4.5,0,0,0
21.1262608578949,19.5994227413787,4.5,0,0,0
21.0683008578949,19.8022827413787,4.5,0,0,0
21.0103408578949,20.0051427413787,4.5,0,0,0
20.9809526888809,20.1851452765899,4.5,0,0,0
20.9248392034832,20.4060149840257,4.5,0,0,0
20.8521441520126,20.6669095649081,4.5,0,0,0
20.7811644608361,20.941772079614,4.5,0,0,0
20.6975447234412,21.2226158506224,4.5,0,0,0
20.6327091655872,21.4278378183018,4.5,0,0,0
20.5402547526318,21.7052010571681,4.5,0,0,0
20.4548304828949,21.9614738663787,4.5,0,0,0
20.3727808578949,22.1206827413787,4.5,0,0,0
20.3148208578949,22.2655827413787,4.5,0,0,0
20.2463942947882,22.4603958675923,4.5,0,0,0
20.1373394598367,22.6785055374952,4.5,0,0,0
20.049525883536,22.8515732029171,4.5,0,0,0
19.9275099894086,23.0494090441082,4.5,0,0,0
19.7669120845062,23.2903059014618,4.5,0,0,0
19.5903208578949,23.5407027413787,4.5,0,0,0
19.4015040297011,23.7295195695725,4.5,0,0,0
19.2126872015073,23.9183363977663,4.5,0,0,0
19.0238703733134,24.1071532259602,4.5,0,0,0
18.8350535451196,24.295970054154,4.5,0,0,0
18.6710752578949,24.4402419413787,4.5,0,0,0
18.4400811605977,24.6066341359733,4.5,0,0,0
18.2655910273865,24.7200413854465,4.5,0,0,0
17.9732368578949,24.8853747413787,4.5,0,0,0
17.7688741912283,24.987556074712,4.5,0,0,0
17.4458008578949,25.1056227413787,4.5,0,0,0
17.3018064828949,25.1826008663787,4.5,0,0,0
17.0523973578949,25.2657372413787,4.5,0,0,0
16.805342857895,25.3432587413787,4.5,0,0,0
16.606105936415,25.3937334626989,4.5,0,0,0
16.3466695897037,25.4470866706926,4.5,0,0,0
16.0898527232029,25.4910040971607,4.5,0,0,0
15.8667417551178,25.5210382854613,4.5,0,0,0
15.5902172029183,25.5456863584028,4.5,0,0,0
15.3310563873067,25.5603246237316,4.5,0,0,0
15.0840501873067,25.5679560237316,4.5,0,0,0
14.7970288578949,25.5693027413787,4.5,0,0,0
14.5119207476713,25.5380760969697,4.5,0,0,0
14.2395805032623,25.5330944071934,4.5,0,0,0
13.9560718483103,25.5247679809953,4.5,0,0,0
13.6609480463933,25.5129630289186,4.5,0,0,0
13.3658242444764,25.5011580768419,4.5,0,0,0
13.0730393695808,25.4898947930286,4.5,0,0,0
12.7878560075043,25.4803919310711,4.5,0,0,0
12.5032411998022,25.4437318494228,4.5,0,0,0
12.2093483547187,25.4364924782294,4.5,0,0,0
11.9154555096352,25.429253107036,4.5,0,0,0
11.6215626645517,25.4220137358426,4.5,0,0,0
11.3276698194682,25.4147743646492,4.5,0,0,0
11.0337769743847,25.4075349934557,4.5,0,0,0
10.7445291678653,25.4041567927114,4.5,0,0,0
10.4555716762562,25.40101991512,4.5,0,0,0
10.1666141846472,25.3978830375287,4.5,0,0,0
9.87622485789495,25.3954227413787,4.5,0,0,0
9.58062885789495,25.3954227413787,4.5,0,0,0
9.28503285789495,25.3954227413787,4.5,0,0,0
8.98943685789494,25.3954227413787,4.5,0,0,0
8.69384085789494,25.3954227413787,4.5,0,0,0
8.39824485789495,25.3954227413787,4.5,0,0,0
8.10653061140846,25.3936933402976,4.5,0,0,0
7.81826681248955,25.3904266938111,4.5,0,0,0
7.53000301357062,25.3871600473246,4.5,0,0,0
7.24173921465171,25.3838934008381,4.5,0,0,0
6.94711661399473,25.3768744600402,4.5,0,0,0
6.65249401333776,25.3698555192423,4.5,0,0,0
6.35787141268079,25.3628365784443,4.5,0,0,0
6.06324881202381,25.3558176376464,4.5,0,0,0
5.76862621136684,25.3487986968485,4.5,0,0,0
5.47396602248762,25.3415472675925,4.5,0,0,0
5.17930174793209,25.334270567852,4.5,0,0,0
4.88463747337657,25.3269938681114,4.5,0,0,0
4.58954808637714,25.3196219220907,4.5,0,0,0
4.29443212984998,25.3122440231775,4.5,0,0,0
3.9993161733228,25.3048661242644,4.5,0,0,0
3.70420021679563,25.2974882253512,4.5,0,0,0
3.41283530886309,25.2864367026529,4.5,0,0,0
3.1255633208103,25.2548389468532,4.5,0,0,0
2.83146974605523,25.2475763474595,4.5,0,0,0
2.54108936205666,25.2366380707485,4.5,0,0,0
2.25321093600709,25.2051132310887,4.5,0,0,0
1.95834493619002,25.1979213774347,4.5,0,0,0
1.66347893637295,25.1907295237806,4.5,0,0,0
1.36861293655588,25.1835376701265,4.5,0,0,0
1.07374693673881,25.1763458164724,4.5,0,0,0
0.778860208872572,25.1691534572562,4.5,0,0,0
0.483964844319182,25.161960887389,4.5,0,0,0
0.189069479765792,25.1547683175219,4.5,0,0,0
-0.105804005180147,25.1475762813037,4.5,0,0,0
-0.400670004997224,25.1403844276496,4.5,0,0,0
-0.695536004814279,25.1331925739955,4.5,0,0,0
-0.990402004631356,25.1260007203415,4.5,0,0,0
-1.28526800444842,25.1188088666874,4.5,0,0,0
-1.57930245428697,25.1117955837416,4.5,0,0,0
-1.87288333140999,25.1048797030003,4.5,0,0,0
-2.16646420853299,25.097963822259,4.5,0,0,0
-2.46095022340118,25.0913757301727,4.5,0,0,0
-2.75588880714196,25.0849515324139,4.5,0,0,0
-3.05082739088272,25.0785273346551,4.5,0,0,0
-3.3457659746235,25.0721031368963,4.5,0,0,0
-3.64070455836428,25.0656789391375,4.5,0,0,0
-3.93564314210505,25.0592547413787,4.5,0,0,0
-4.22532722210505,25.0562987813787,4.5,0,0,0
-4.51501130210505,25.0533428213787,4.5,0,0,0
-4.80469538210506,25.0503868613787,4.5,0,0,0
-5.0948236761101,25.0477600713535,4.5,0,0,0
-5.39017148467433,25.0490010285323,4.5,0,0,0
-5.68551929323856,25.0502419857112,4.5,0,0,0
-5.98086710180279,25.05148294289,4.5,0,0,0
-6.27621491036702,25.0527239000689,4.5,0,0,0
-6.57156271893125,25.0539648572477,4.5,0,0,0
-6.86691052749548,25.0552058144265,4.5,0,0,0
-7.16225833605972,25.0564467716054,4.5,0,0,0
-7.45760614462394,25.0576877287842,4.5,0,0,0
-7.75295395318818,25.0589286859631,4.5,0,0,0
-8.0483017617524,25.0601696431419,4.5,0,0,0
-8.34364957031664,25.0614106003207,4.5,0,0,0
-8.63899737888087,25.0626515574996,4.5,0,0,0
-8.9343451874451,25.0638925146784,4.5,0,0,0
-9.22969299600933,25.0651334718573,4.5,0,0,0
-9.52504080457356,25.0663744290361,4.5,0,0,0
-9.82038861313781,25.0676153862149,4.5,0,0,0
-10.115736421702,25.0688563433938,4.5,0,0,0
-10.4110842302663,25.0700973005726,4.5,0,0,0
-10.7064320388305,25.0713382577515,4.5,0,0,0
-11.0017798473947,25.0725792149303,4.5,0,0,0
-11.297127655959,25.0738201721092,4.5,0,0,0
-11.5924754645232,25.075061129288,4.5,0,0,0
-11.8878232730874,25.0763020864668,4.5,0,0,0
-12.1833511421051,25.0766427413787,4.5,0,0,0
-12.4789471421051,25.0766427413787,4.5,0,0,0
-12.7745431421051,25.0766427413787,4.5,0,0,0
-13.070139142105,25.0766427413787,4.5,0,0,0
-13.3657351421051,25.0766427413787,4.5,0,0,0
-13.6613311421051,25.0766427413787,4.5,0,0,0
-13.956927142105,25.0766427413787,4.5,0,0,0
-14.2457063734412,25.0732578706881,4.5,0,0,0
-14.5310772204455,25.0681805646522,4.5,0,0,0
-14.8164480674497,25.0631032586162,4.5,0,0,0
-15.1018189144539,25.0580259525803,4.5,0,0,0
-15.3878307772087,25.0499658201152,4.5,0,0,0
-15.6745637826828,25.0385500079173,4.5,0,0,0
-15.9675801854057,25.0249887259697,4.5,0,0,0
-16.2608530533223,25.0113398738283,4.5,0,0,0
-16.5540873236436,24.9976669034592,4.5,0,0,0
-16.846375952877,24.9834030365137,4.5,0,0,0
-17.1391365864692,24.9691130630519,4.5,0,0,0
-17.4319983638527,24.9548174953365,4.5,0,0,0
-17.7248435589476,24.9405230013058,4.5,0,0,0
-18.0174939121511,24.9262411230687,4.5,0,0,0
-18.3101094122229,24.9114695844162,4.5,0,0,0
-18.6027074857287,24.8964532155559,4.5,0,0,0
-18.8949432045932,24.8813324114111,4.5,0,0,0
-19.1838452607562,24.8652508026475,4.5,0,0,0
-19.4747491535367,24.8477142898021,4.5,0,0,0
-19.765823415391,24.8300539553328,4.5,0,0,0
-20.0488213085112,24.8117457244306,4.5,0,0,0
-20.336622070621,24.7909167288376,4.5,0,0,0
-20.627447403616,24.7693361907666,4.5,0,0,0
-20.8935914193328,24.7463855136559,4.5,0,0,0
-21.1862607262635,24.7171185829628,4.5,0,0,0
-21.4638501448151,24.6877906546578,4.5,0,0,0
-21.7420005513191,24.6548576465277,4.5,0,0,0
-22.016939900314,24.6182483473488,4.5,0,0,0
-22.2837304015645,24.5794320981354,4.5,0,0,0
-22.5669634664294,24.5322886873246,4.5,0,0,0
-22.8294629206913,24.4858915667425,4.5,0,0,0
-23.1072506805666,24.4312804336864,4.5,0,0,0
-23.3564218570372,24.3798551395687,4.5,0,0,0
-23.6263799033507,24.3140375510673,4.5,0,0,0
-23.9076363185756,24.243723447261,4.5,0,0,0
-24.178855024458,24.1722962707904,4.5,0,0,0
-24.4534901000882,24.0901677161686,4.5,0,0,0
-24.6679351421051,24.0217707413787,4.5,0,0,0
-24.9461431421051,23.9290347413787,4.5,0,0,0
-25.154799142105,23.8305027413787,4.5,0,0,0
-25.2996991421051,23.7725427413787,4.5,0,0,0
-25.5197506675288,23.6752878261244,4.5,0,0,0
-25.7928448404291,23.5839298922167,4.5,0,0,0
-26.0075234996469,23.4765905626077,4.5,0,0,0
-26.2222021588648,23.3692512329988,4.5,0,0,0
-26.4368808180827,23.2619119033898,4.5,0,0,0
-26.7197191421051,23.0770227413787,4.5,0,0,0
-26.945203957354,22.949025208839,4.5,0,0,0
-27.1088277773408,22.8562569845548,4.5,0,0,0
-27.3538993406162,22.6928759423712,4.5,0,0,0
-27.5972335421051,22.5275619413787,4.5,0,0,0
-27.7966786015645,22.3783697684057,4.5,0,0,0
-28.0029535421051,22.2377619413787,4.5,0,0,0
-28.2196410724667,22.0733817267445,4.5,0,0,0
-28.4412481345357,21.8971833267445,4.5,0,0,0
-28.6497871421051,21.7381467413787,4.5,0,0,0
-28.8506915811294,21.5809007901592,4.5,0,0,0
-29.0537808155627,21.4205159626125,4.5,0,0,0
-29.2588635663818,21.2601592019572,4.5,0,0,0
-29.4548217372057,21.100767095256,4.5,0,0,0
-29.6676946072322,20.9148163048051,4.5,0,0,0
-29.8560479972775,20.7487762034476,4.5,0,0,0
-30.0426468165237,20.5655350669601,4.5,0,0,0
-30.1978972401836,20.3963715606228,4.5,0,0,0
-30.3874411476788,20.1828606702889,4.5,0,0,0
-30.5603823085199,19.9855329205283,4.5,0,0,0
-30.7266849503864,19.778135481027,4.5,0,0,0
-30.8728507745375,19.5746409251625,4.5,0,0,0
-31.0424072718348,19.3391666765138,4.5,0,0,0
-31.1926706805666,19.1279404336864,4.5,0,0,0
-31.3301696344128,18.8764832029171,4.5,0,0,0
-31.4777651961591,18.6693997143517,4.5,0,0,0
-31.6473216934564,18.433925465703,4.5,0,0,0
-31.8201754849622,18.1987542842358,4.5,0,0,0
-31.9758107861332,17.9960753971164,4.5,0,0,0
-32.1507611748919,17.7827283020344,4.5,0,0,0
-32.2859199871755,17.6267418963083,4.5,0,0,0
-32.4836778744994,17.4289840089843,4.5,0,0,0
-32.6814357618234,17.2312261216604,4.5,0,0,0
-32.8682299617772,17.0548837249852,4.5,0,0,0
-33.0785080676159,16.8832688982673,4.5,0,0,0
-33.2580529882589,16.7571535106094,4.5,0,0,0
-33.4648292044751,16.6193026997986,4.5,0,0,0
-33.6425414869326,16.5247446724132,4.5,0,0,0
-33.8879080741439,16.4178126442913,4.5,0,0,0
-34.1031478799691,16.3030180811845,4.5,0,0,0
-34.428399142105,16.1797827413787,4.5,0,0,0
-34.5723935171051,16.1028046163787,4.5,0,0,0
-34.8219170368419,16.0196301097997,4.5,0,0,0
-35.0761021421051,15.9349017413787,4.5,0,0,0
-35.2971172597521,15.8756632119669,4.5,0,0,0
-35.5586191421051,15.8030427413787,4.5,0,0,0
-35.7692814497974,15.7551142798402,4.5,0,0,0
-36.0151286053711,15.7081820561864,4.5,0,0,0
-36.2789933255843,15.6676740394373,4.5,0,0,0
-36.4859791421051,15.6581427413787,4.5,0,0,0
-36.7815751421051,15.6581427413787,4.5,0,0,0
-37.0771711421051,15.6581427413787,4.5,0,0,0
-37.372767142105,15.6581427413787,4.5,0,0,0
-37.6741591421051,15.6581427413787,4.5,0,0,0
-37.9034044636687,15.6991459696258,4.5,0,0,0
-38.1403342778517,15.7472391214692,4.5,0,0,0
-38.4061799033507,15.8121679316901,4.5,0,0,0
-38.7753991421051,15.9479427413787,4.5,0,0,0
-38.9508891421051,15.997316074712,4.5,0,0,0
-39.200869842742,16.0882280916972,4.5,0,0,0
-39.407975320449,16.1917808305506,4.5,0,0,0
-39.615080798156,16.2953335694041,4.5,0,0,0
-39.847659142105,16.4406027413787,4.5,0,0,0
-40.082632115078,16.5682713900273,4.5,0,0,0
-40.292791942105,16.7164923413787,4.5,0,0,0
-40.4804556003052,16.860091775525,4.5,0,0,0
-40.6185271421051,16.9796307413787,4.5,0,0,0
-40.815591142105,17.1766947413787,4.5,0,0,0
-41.0126551421051,17.3737587413787,4.5,0,0,0
-41.2097191421051,17.5708227413787,4.5,0,0,0
-41.4067831421051,17.7678867413787,4.5,0,0,0
-41.6165983421051,17.9974083413787,4.5,0,0,0
-41.793955942105,18.2338851413787,4.5,0,0,0
-41.9600348394024,18.4647225900273,4.5,0,0,0
-42.0916028344128,18.6618082798402,4.5,0,0,0
-42.1865156126933,18.8412548002022,4.5,0,0,0
-42.3399391421051,19.1357427413787,4.5,0,0,0
-42.5138191421051,19.3965627413787,4.5,0,0,0
-42.5717791421051,19.5414627413787,4.5,0,0,0
-42.7746391421051,19.8602427413787,4.5,0,0,0
-42.8615791421051,20.0631027413787,4.5,0,0,0
-43.0354591421051,20.3239227413787,4.5,0,0,0
-43.149866487405,20.5135932137452,4.5,0,0,0
-43.2649559316413,20.7794704227104,4.5,0,0,0
-43.3832191421051,20.9904627413787,4.5,0,0,0
-43.5570991421051,21.2512827413787,4.5,0,0,0
-43.6700212110706,21.4221648103442,4.5,0,0,0
-43.7889391421051,21.6859827413787,4.5,0,0,0
-43.9338391421051,21.8888427413787,4.5,0,0,0
-44.0467612110706,22.0597248103442,4.5,0,0,0
-44.1366991421051,22.2366027413787,4.5,0,0,0
-44.2496212110706,22.4074848103442,4.5,0,0,0
-44.3685391421051,22.6713027413787,4.5,0,0,0
-44.5134391421051,22.8741627413787,4.5,0,0,0
-44.6263612110706,23.0450448103442,4.5,0,0,0
-44.7682632800361,23.3028668793097,4.5,0,0,0
-44.8901791421051,23.5117227413787,4.5,0,0,0
-44.9481391421051,23.6566227413787,4.5,0,0,0
-45.1220191421051,23.9174427413787,4.5,0,0,0
-45.2349412110706,24.0883248103442,4.5,0,0,0
-45.3538591421051,24.3521427413787,4.5,0,0,0
-45.5277391421051,24.6129627413787,4.5,0,0,0
-45.6454414172561,24.8080704301427,4.5,0,0,0
-45.7607226828089,25.0644758803762,4.5,0,0,0
-45.9231054627592,25.3074216180228,4.5,0,0,0
-46.0465770664178,25.5676582815981,4.5,0,0,0
-46.1889070210268,25.8125080750066,4.5,0,0,0
-46.3280429918925,26.0658436247041,4.5,0,0,0
-46.4547765907352,26.327869128365,4.5,0,0,0
-46.5993652446238,26.57641216692,4.5,0,0,0
-46.7399505025207,26.8281394584311,4.5,0,0,0
-46.8627543299524,27.0890419266259,4.5,0,0,0
-47.0057191421051,27.3370827413787,4.5,0,0,0
-47.0926591421051,27.5399427413787,4.5,0,0,0
-47.2665391421051,27.8007627413787,4.5,0,0,0
-47.3842414172561,27.9958704301427,4.5,0,0,0
-47.4995226828089,28.2522758803762,4.5,0,0,0
-47.6270903145189,28.4559106034476,4.5,0,0,0
-47.7768976421051,28.7055597413787,4.5,0,0,0
-47.9088601421051,28.9694847413787,4.5,0,0,0
-48.0177007421051,29.2393299413787,4.5,0,0,0
-48.1403598200712,29.4663759617177,4.5,0,0,0
-48.2081541691321,29.644204038676,4.5,0,0,0
-48.3034130368419,29.8970844255892,4.5,0,0,0
-48.3801365202563,30.1333431111266,4.5,0,0,0
-48.4598332597521,30.4004392119669,4.5,0,0,0
-48.5115645267204,30.6352296644556,4.5,0,0,0
-48.558017369841,30.8838521077943,4.5,0,0,0
-48.6052737762514,31.1843544486957,4.5,0,0,0
-48.621569579793,31.3917555846797,4.5,0,0,0
-48.6285991421051,31.6493067413787,4.5,0,0,0
-48.6285991421051,31.9449027413787,4.5,0,0,0
-48.6285991421051,32.2404987413787,4.5,0,0,0
-48.6279600909858,32.5326361192604,4.5,0,0,0
-48.6116642874442,32.7400372552444,4.5,0,0,0
-48.5876008523399,32.9443724799697,4.5,0,0,0
-48.5412599892984,33.2207457351417,4.5,0,0,0
-48.4966549068109,33.4290196825552,4.5,0,0,0
-48.4255260538698,33.7026675943199,4.5,0,0,0
-48.3098191421051,34.0024827413787,4.5,0,0,0
-48.2604458087717,34.1779727413787,4.5,0,0,0
-48.16823918094,34.4305426637088,4.5,0,0,0
-48.0591843459886,34.6486523336117,4.5,0,0,0
-47.9040991421051,34.9588227413787,4.5,0,0,0
-47.7788465997322,35.1592268091753,4.5,0,0,0
-47.669596115078,35.3224042548922,4.5,0,0,0
-47.5052944270405,35.5477462352094,4.5,0,0,0
-47.3453274307896,35.7491563559328,4.5,0,0,0
-47.2085791421051,35.9151627413787,4.5,0,0,0
-47.0141080894735,36.1096337940103,4.5,0,0,0
-46.8196370368419,36.3041048466418,4.5,0,0,0
-46.6698500961234,36.4359174666886,4.5,0,0,0
-46.4630671868683,36.6030331855681,4.5,0,0,0
-46.255345798105,36.7604977493787,4.5,0,0,0
-45.9334591421051,36.9584427413787,4.5,0,0,0
-45.7863299113358,37.0565288952248,4.5,0,0,0
-45.6063991421051,37.1756045595605,4.5,0,0,0
-45.3952591421051,37.2715772868332,4.5,0,0,0
-45.1377371082067,37.4005105379889,4.5,0,0,0
-44.9122825319356,37.5257630803617,4.5,0,0,0
-44.7401097366996,37.5906766873246,4.5,0,0,0
-44.4817136684208,37.6838578992734,4.5,0,0,0
-44.2466851421051,37.7555307413787,4.5,0,0,0
-44.0148563819241,37.8212424698855,4.5,0,0,0
-43.7776687237059,37.8701956155991,4.5,0,0,0
-43.5281191421051,37.9147827413787,4.5,0,0,0
-43.2604000122185,37.9420738510886,4.5,0,0,0
-43.0025325683346,37.9649344299033,4.5,0,0,0
-42.780489437187,37.9716839872803,4.5,0,0,0
-42.4964311421051,37.9727427413787,4.5,0,0,0
-42.2427557538698,37.9661587884375,4.5,0,0,0
-41.9928555977718,37.9568590871687,4.5,0,0,0
-41.7163310455722,37.9322110142273,4.5,0,0,0
-41.4587145267204,37.9060596644556,4.5,0,0,0
-41.1687206805666,37.8698104336864,4.5,0,0,0
-40.920599664923,37.8327861618483,4.5,0,0,0
-40.6395990861871,37.785952732059,4.5,0,0,0
-40.3618282065541,37.7391931623766,4.5,0,0,0
-40.0827440069699,37.6883135521895,4.5,0,0,0
-39.8206862029159,37.6419203765138,4.5,0,0,0
-39.5422545267204,37.5870858183017,4.5,0,0,0
-39.2580276036435,37.5302404336864,4.5,0,0,0
-38.9738006805666,37.473395049071,4.5,0,0,0
-38.7231688479874,37.4217439178493,4.5,0,0,0
-38.4469700697069,37.3574313386637,4.5,0,0,0
-38.1846529882589,37.3039735106094,4.5,0,0,0
-37.900426065182,37.2471281259941,4.5,0,0,0
-37.616199142105,37.1902827413787,4.5,0,0,0
-37.403237940182,37.1357362509941,4.5,0,0,0
-37.1636652959512,37.0765919721479,4.5,0,0,0
-36.8794383728743,37.0197465875325,4.5,0,0,0
-36.717819142105,36.9874227413787,4.5,0,0,0
-36.5437301517204,36.9341301933017,4.5,0,0,0
-36.2875776036435,36.8781904336864,4.5,0,0,0
-36.0445258841865,36.8265116192067,4.5,0,0,0
-35.7982614497974,36.7745312029171,4.5,0,0,0
-35.5140345267204,36.7176858183018,4.5,0,0,0
-35.2468328072634,36.6592450038221,4.5,0,0,0
-34.9801337574897,36.6051096644556,4.5,0,0,0
-34.6959068344127,36.5482642798402,4.5,0,0,0
-34.4116799113358,36.4914188952248,4.5,0,0,0
-34.1274529882589,36.4345735106094,4.5,0,0,0
-33.8765367562709,36.388295677073,4.5,0,0,0
-33.5866180964693,36.3399759004394,4.5,0,0,0
-33.3037260450736,36.2928272252068,4.5,0,0,0
-33.033108742105,36.2540355413787,4.5,0,0,0
-32.7755469657923,36.2204784353013,4.5,0,0,0
-32.4949599725608,36.1872873295944,4.5,0,0,0
-32.2302701931711,36.1596319728437,4.5,0,0,0
-31.9431885034192,36.1322033223802,4.5,0,0,0
-31.7120388142362,36.1205723479361,4.5,0,0,0
-31.4550511421051,36.1180227413787,4.5,0,0,0
-31.2499052609169,36.1128675532599,4.5,0,0,0
-30.9769098351744,36.0887558106856,4.5,0,0,0
-30.6992171065169,36.0605001601975,4.5,0,0,0
-30.421179142105,36.0264627413787,4.5,0,0,0
-30.1546103035508,35.9885694305353,4.5,0,0,0
-29.8974773975267,35.936573025716,4.5,0,0,0
-29.6407321125969,35.8923208003951,4.5,0,0,0
-29.211999142105,35.8282227413787,4.5,0,0,0
-29.0816129612831,35.7893498427485,4.5,0,0,0
-28.8596513223867,35.7489073385618,4.5,0,0,0
-28.5860876884465,35.7106346243055,4.5,0,0,0
-28.3109661117008,35.6798079602226,4.5,0,0,0
-28.0577469469831,35.6581124974762,4.5,0,0,0
-27.8441431421051,35.6543427413787,4.5,0,0,0
-27.548547142105,35.6543427413787,4.5,0,0,0
-27.2529511421051,35.6543427413787,4.5,0,0,0
-26.9573551421051,35.6543427413787,4.5,0,0,0
-26.6617591421051,35.6543427413787,4.5,0,0,0
-26.4510754985407,35.6591823057351,4.5,0,0,0
-26.1834456767585,35.6818880879133,4.5,0,0,0
-25.9020088035327,35.7103965584527,4.5,0,0,0
-25.6275576036435,35.7437704336864,4.5,0,0,0
-25.3344622190281,35.7804073567633,4.5,0,0,0
-25.0444683728743,35.8166565875325,4.5,0,0,0
-24.7717011057414,35.8539710322878,4.5,0,0,0
-24.4847464148323,35.8949645595605,4.5,0,0,0
-24.1963163784687,35.9361688504696,4.5,0,0,0
-23.9297168293004,35.9792731268461,4.5,0,0,0
-23.647217949188,36.0263562735315,4.5,0,0,0
-23.3948214497974,36.0700942798402,4.5,0,0,0
-23.1105945267204,36.1269396644556,4.5,0,0,0
-22.8752664362227,36.1807559178493,4.5,0,0,0
-22.5887154050808,36.2523936756347,4.5,0,0,0
-22.3147591421051,36.3208827413787,4.5,0,0,0
-22.0489085202563,36.4082819682694,4.5,0,0,0
-21.8126167156345,36.4803792854963,4.5,0,0,0
-21.6222154664294,36.5522527954327,4.5,0,0,0
-21.3611646157893,36.6387475834839,4.5,0,0,0
-21.097599142105,36.7555827413787,4.5,0,0,0
-20.9526991421051,36.8135427413787,4.5,0,0,0
-20.7326476166813,36.9107976566329,4.5,0,0,0
-20.4594764236584,37.0031788578835,4.5,0,0,0
-20.2442366178332,37.1179734209903,4.5,0,0,0
-20.0230207421051,37.2262179413787,4.5,0,0,0
-19.7542151421051,37.3403347413787,4.5,0,0,0
-19.4914631421051,37.4717107413787,4.5,0,0,0
-19.2324863145188,37.6061957068959,4.5,0,0,0
-18.8661391421051,37.7988627413787,4.5,0,0,0
-18.6053191421051,37.9727427413787,4.5,0,0,0
-18.2865391421051,38.1466227413787,4.5,0,0,0
-18.0847937574897,38.2787046644556,4.5,0,0,0
-17.8690173321503,38.4153106146818,4.5,0,0,0
-17.6773952069699,38.5476746116489,4.5,0,0,0
-17.4426415421051,38.7215859413787,4.5,0,0,0
-17.2277438238841,38.8845782759554,4.5,0,0,0
-17.0073754211748,39.0598297181229,4.5,0,0,0
-16.8039972373799,39.2289690110026,4.5,0,0,0
-16.576719142105,39.4217427413787,4.5,0,0,0
-16.3704286474054,39.6280332360783,4.5,0,0,0
-16.1641381527058,39.834323730778,4.5,0,0,0
-15.9578476580061,40.0406142254776,4.5,0,0,0
-15.7515571633065,40.2469047201773,4.5,0,0,0
-15.5452666686068,40.4531952148769,4.5,0,0,0
-15.3767705972775,40.6272074793097,4.5,0,0,0
-15.1995307333049,40.8293530768444,4.5,0,0,0
-15.0168324026643,41.0389828663546,4.5,0,0,0
-14.8358360904027,41.2557784034216,4.5,0,0,0
-14.6646637819236,41.4640519416056,4.5,0,0,0
-14.4920027191495,41.6817619700731,4.5,0,0,0
-14.3198132884465,41.9023600584519,4.5,0,0,0
-14.1571294640563,42.1076335148017,4.5,0,0,0
-13.9860435185756,42.3350169060846,4.5,0,0,0
-13.8236191421051,42.5515827413787,4.5,0,0,0
-13.6798783421051,42.7625571413787,4.5,0,0,0
-13.531107051539,42.9612833904353,4.5,0,0,0
-13.3927904326711,43.1642964923221,4.5,0,0,0
-13.2417899113358,43.3808565875325,4.5,0,0,0
-13.0897865997322,43.6213868091753,4.5,0,0,0
-12.9618292747311,43.8437678872673,4.5,0,0,0
-12.8093191421051,44.1744627413787,4.5,0,0,0
-12.7180858087717,44.320436074712,4.5,0,0,0
-12.6268524754384,44.4664094080453,4.5,0,0,0
-12.535619142105,44.6123827413787,4.5,0,0,0
-12.4325791421051,44.8989627413787,4.5,0,0,0
-12.3556010171051,45.0429571163787,4.5,0,0,0
-12.2724265105261,45.2924806361155,4.5,0,0,0
-12.2007391421051,45.5075427413787,4.5,0,0,0
-12.1717591421051,45.7393827413787,4.5,0,0,0
-12.1717591421051,46.0165039913787,4.5,0,0,0
-12.2007391421051,46.3769427413787,4.5,0,0,0
-12.2586991421051,46.5508227413787,4.5,0,0,0
-12.3330391421051,46.7284827413787,4.5,0,0,0
-12.4325791421051,46.8985827413787,4.5,0,0,0
-12.5364581561896,47.0314417554632,4.5,0,0,0
-12.6925828040769,47.1875664033505,4.5,0,0,0
-12.8487074519642,47.3436910512378,4.5,0,0,0
-13.0121791421051,47.4492027413787,4.5,0,0,0
-13.1485556126933,47.5463709766728,4.5,0,0,0
-13.359939142105,47.6230827413787,4.5,0,0,0
-13.6207591421051,47.7390027413787,4.5,0,0,0
-13.8418791647295,47.7930288047271,4.5,0,0,0
-14.0397719626179,47.8312268439428,4.5,0,0,0
-14.3092611933871,47.8649129977889,4.5,0,0,0
-14.5267928344127,47.8815992029171,4.5,0,0,0
-14.7509791421051,47.8839027413787,4.5,0,0,0
-15.046575142105,47.8839027413787,4.5,0,0,0
-15.3421711421051,47.8839027413787,4.5,0,0,0
-15.637767142105,47.8839027413787,4.5,0,0,0
-15.9120951028598,47.8885220440202,4.5,0,0,0
-16.1830395119164,47.8938762357183,4.5,0,0,0
-16.4745090373195,47.9061812506392,4.5,0,0,0
-16.7682095536298,47.9192417898233,4.5,0,0,0
-17.0619100699401,47.9323023290075,4.5,0,0,0
-17.3541034786286,47.9458982440782,4.5,0,0,0
-17.6163862099374,47.9618724164468,4.5,0,0,0
-17.8559780825444,47.9796507840068,4.5,0,0,0
-18.0955699551515,47.9974291515668,4.5,0,0,0
-18.3351618277585,48.0152075191269,4.5,0,0,0
-18.7565790063584,48.0401455920574,4.5,0,0,0
-19.0508075736537,48.0538390406473,4.5,0,0,0
-19.345036140949,48.0675324892372,4.5,0,0,0
-19.6291953925087,48.1082743891243,4.5,0,0,0
-19.9232126286285,48.1216388089479,4.5,0,0,0
-20.2166867934052,48.1351781993574,4.5,0,0,0
-20.509838509572,48.1488214785523,4.5,0,0,0
-20.8029902257388,48.1624647577472,4.5,0,0,0
-21.0930893982953,48.1757009177316,4.5,0,0,0
-21.3851969964495,48.1887269959154,4.5,0,0,0
-21.6801535627276,48.2015511944492,4.5,0,0,0
-21.9751101290057,48.2143753929831,4.5,0,0,0
-22.2683797652842,48.2270277760237,4.5,0,0,0
-22.5588082563001,48.2393907856022,4.5,0,0,0
-22.8512778956547,48.2511811607724,4.5,0,0,0
-23.1439693989592,48.2629092930721,4.5,0,0,0
-23.4366609022636,48.2746374253718,4.5,0,0,0
-23.7187344878819,48.2820950239086,4.5,0,0,0
-23.9945036848739,48.2870169930236,4.5,0,0,0
-24.2796031421051,48.2896227413787,4.5,0,0,0
-24.575199142105,48.2896227413787,4.5,0,0,0
-24.870795142105,48.2896227413787,4.5,0,0,0
-25.1562863971486,48.2921464915655,4.5,0,0,0
-25.4327956566754,48.2969135752517,4.5,0,0,0
-25.7156413433512,48.3041171906116,4.5,0,0,0
-26.0091589073305,48.3154244382642,4.5,0,0,0
-26.3026764713098,48.3267316859167,4.5,0,0,0
-26.5961940352892,48.3380389335693,4.5,0,0,0
-26.8851301627229,48.350555063036,4.5,0,0,0
-27.1756226133534,48.3639301693529,4.5,0,0,0
-27.4684843907369,48.3782257370682,4.5,0,0,0
-27.7613461681203,48.3925213047835,4.5,0,0,0
-28.0498033190962,48.4077088929077,4.5,0,0,0
-28.3386950457143,48.4243392905267,4.5,0,0,0
-28.6297693075686,48.441999624996,4.5,0,0,0
-28.9177555460834,48.459907684572,4.5,0,0,0
-29.2016176192624,48.4793212040328,4.5,0,0,0
-29.4952844212929,48.5002974041778,4.5,0,0,0
-29.7822566108076,48.5214368355173,4.5,0,0,0
-30.0648131429464,48.5448580328454,4.5,0,0,0
-30.3512751111324,48.5698333242596,4.5,0,0,0
-30.6398303735195,48.5959401260527,4.5,0,0,0
-30.9311440067638,48.6224231836204,4.5,0,0,0
-31.2092705347027,48.6490272961542,4.5,0,0,0
-31.4951348287298,48.6792424134793,4.5,0,0,0
-31.7835504703448,48.7105906667387,4.5,0,0,0
-32.0767142963807,48.7431644251871,4.5,0,0,0
-32.3514445870904,48.7762384220019,4.5,0,0,0
-32.6444614517448,48.8128655300836,4.5,0,0,0
-32.9345887818324,48.8491314463446,4.5,0,0,0
-33.2189629557562,48.8858006828738,4.5,0,0,0
-33.5063275634068,48.9242881709645,4.5,0,0,0
-33.7837785602869,48.9634340868332,4.5,0,0,0
-34.0554597978428,49.0050961840016,4.5,0,0,0
-34.3280053966505,49.0494607777423,4.5,0,0,0
-34.6164354330141,49.0906650686514,4.5,0,0,0
-34.883360746004,49.1334196753618,4.5,0,0,0
-35.1654850507723,49.1804403928232,4.5,0,0,0
-35.4565274366064,49.2289474571289,4.5,0,0,0
-35.736596106762,49.275997107283,4.5,0,0,0
-36.021576148342,49.332503588572,4.5,0,0,0
-36.3039426090202,49.3798433191979,4.5,0,0,0
-36.5539706805666,49.427645049071,4.5,0,0,0
-36.8053803350221,49.4730762735315,4.5,0,0,0
-37.0577768344127,49.5168142798402,4.5,0,0,0
-37.3420037574897,49.5736596644556,4.5,0,0,0
-37.6262306805666,49.630505049071,4.5,0,0,0
-37.879670119236,49.6809188016697,4.5,0,0,0
-38.1643343704368,49.7285486127673,4.5,0,0,0
-38.4142637574897,49.7765196644556,4.5,0,0,0
-38.6984906805666,49.833365049071,4.5,0,0,0
-38.9827176036435,49.8902104336864,4.5,0,0,0
-39.2669445267204,49.9470558183018,4.5,0,0,0
-39.5181568121889,49.9928256863926,4.5,0,0,0
-39.7729497865957,50.0366844513579,4.5,0,0,0
-40.0549776036435,50.0930704336864,4.5,0,0,0
-40.3392045267204,50.1499158183018,4.5,0,0,0
-40.6234314497974,50.2067612029171,4.5,0,0,0
-40.9076583728743,50.2636065875325,4.5,0,0,0
-41.1698942356601,50.3158579492789,4.5,0,0,0
-41.4465350403562,50.3667838224598,4.5,0,0,0
-41.7348299847124,50.419000038676,4.5,0,0,0
-41.9854914497974,50.4675812029171,4.5,0,0,0
-42.2697183728743,50.5244265875325,4.5,0,0,0
-42.5539452959512,50.5812719721479,4.5,0,0,0
-42.8381722190281,50.6381173567633,4.5,0,0,0
-43.1223991421051,50.6949627413787,4.5,0,0,0
-43.373559142105,50.7432627413787,4.5,0,0,0
-43.6618540864612,50.7954789575949,4.5,0,0,0
-43.9291999321258,50.8448483858693,4.5,0,0,0
-44.2002322190281,50.8989373567633,4.5,0,0,0
-44.4844591421051,50.9557827413787,4.5,0,0,0
-44.768686065182,51.0126281259941,4.5,0,0,0
-45.0529129882589,51.0694735106094,4.5,0,0,0
-45.3371399113358,51.1263188952248,4.5,0,0,0
-45.6213668344128,51.1831642798402,4.5,0,0,0
-45.9055937574897,51.2400096644556,4.5,0,0,0
-46.1898206805666,51.296855049071,4.5,0,0,0
-46.4718880363358,51.3536307702248,4.5,0,0,0
-46.6459770267204,51.4069233183018,4.5,0,0,0
-46.8206929882589,51.4462135106094,4.5,0,0,0
-47.1049199113358,51.5030588952248,4.5,0,0,0
-47.3947199113358,51.5320388952248,4.5,0,0,0
-47.5563391421051,51.5643627413787,4.5,0,0,0
-47.7348691781627,51.6185434985902,4.5,0,0,0
-47.9625049882589,51.6467551106094,4.5,0,0,0
-48.2150768344127,51.6903142798402,4.5,0,0,0
-48.4993037574897,51.7471596644556,4.5,0,0,0
-48.6949884209512,51.8011488471479,4.5,0,0,0
-48.9072529882589,51.8519335106094,4.5,0,0,0
-49.1914799113358,51.9087788952248,4.5,0,0,0
-49.4757068344128,51.9656242798402,4.5,0,0,0
-49.6428991421051,51.9990627413787,4.5,0,0,0
-49.8169881324897,52.0523552894556,4.5,0,0,0
-50.0731406805666,52.108295049071,4.5,0,0,0
-50.3573676036435,52.1651404336864,4.5,0,0,0
-50.6415945267204,52.2219858183018,4.5,0,0,0
-50.9258214497974,52.2788312029171,4.5,0,0,0
-51.2100483728743,52.3356765875325,4.5,0,0,0
-51.4942752959512,52.3925219721479,4.5,0,0,0
-51.7785022190281,52.4493673567633,4.5,0,0,0
-52.0627291421051,52.5062127413787,4.5,0,0,0
-52.346956065182,52.5630581259941,4.5,0,0,0
-52.6311829882589,52.6199035106095,4.5,0,0,0
-52.9154099113358,52.6767488952248,4.5,0,0,0
-53.1996368344128,52.7335942798402,4.5,0,0,0
-53.4838637574897,52.7904396644556,4.5,0,0,0
-53.7680906805666,52.847285049071,4.5,0,0,0
-54.0523176036435,52.9041304336864,4.5,0,0,0
-54.3365445267204,52.9609758183018,4.5,0,0,0
-54.604263092209,53.0115594121078,4.5,0,0,0
-54.8747277655868,53.062816466075,4.5,0,0,0
-55.1545667824377,53.1173663290911,4.5,0,0,0
-55.4310968344127,53.1682942798402,4.5,0,0,0
-55.7153237574897,53.2251396644556,4.5,0,0,0
-55.96656409013,53.2750940147674,4.5,0,0,0
-56.2472832094511,53.3219734192697,4.5,0,0,0
-56.5168146330142,53.3619306686514,4.5,0,0,0
-56.7631148434922,53.3943390107355,4.5,0,0,0
-57.0385111741295,53.4196020170173,4.5,0,0,0
-57.3154729125969,53.4424092659688,4.5,0,0,0
-57.5254591421051,53.4480627413787,4.5,0,0,0
-57.8007500133922,53.4492200285074,4.5,0,0,0
-58.0040441668575,53.4558149938539,4.5,0,0,0
-58.2524211099268,53.4925293131609,4.5,0,0,0
-58.5007980529961,53.5292436324678,4.5,0,0,0
-58.7033096371546,53.5513577908836,4.5,0,0,0
-58.9959789440853,53.5806247215767,4.5,0,0,0
-59.2075464878726,53.6073072177058,4.5,0,0,0
-59.4574106342141,53.6479499006326,4.5,0,0,0
-59.7123736291635,53.6840393785546,4.5,0,0,0
-60.0028187460655,53.7131867017747,4.5,0,0,0
-60.2812371846522,53.7401381256572,4.5,0,0,0
-60.5601646663706,53.7624153727401,4.5,0,0,0
-60.8450703201879,53.7845037476632,4.5,0,0,0
-61.0908082283995,53.7917405332569,4.5,0,0,0
-61.3566151421051,53.7958227413787,4.5,0,0,0
-61.6522111421051,53.7958227413787,4.5,0,0,0
-61.9478071421051,53.7958227413787,4.5,0,0,0
-62.2434031421051,53.7958227413787,4.5,0,0,0
-62.5389991421051,53.7958227413787,4.5,0,0,0
-62.8345951421051,53.7958227413787,4.5,0,0,0
-63.1301911421051,53.7958227413787,4.5,0,0,0
-63.4257871421051,53.7958227413787,4.5,0,0,0
-63.7213831421051,53.7958227413787,4.5,0,0,0
-64.016979142105,53.7958227413787,4.5,0,0,0
-64.3125751421051,53.7958227413787,4.5,0,0,0
-64.608171142105,53.7958227413787,4.5,0,0,0
-64.9037671421051,53.7958227413787,4.5,0,0,0
-65.1993631421051,53.7958227413787,4.5,0,0,0
-65.4949591421051,53.7958227413787,4.5,0,0,0
-65.7905551421051,53.7958227413787,4.5,0,0,0
-66.0861511421051,53.7958227413787,4.5,0,0,0
-66.3817471421051,53.7958227413787,4.5,0,0,0
-66.677343142105,53.7958227413787,4.5,0,0,0
-66.9729391421051,53.7958227413787,4.5,0,0,0
-67.2685351421051,53.7958227413787,4.5,0,0,0
-67.5641311421051,53.7958227413787,4.5,0,0,0
-67.859727142105,53.7958227413787,4.5,0,0,0
-68.1553231421051,53.7958227413787,4.5,0,0,0
-68.450919142105,53.7958227413787,4.5,0,0,0
-68.7465151421051,53.7958227413787,4.5,0,0,0
-69.0421111421051,53.7958227413787,4.5,0,0,0
-69.3377071421051,53.7958227413787,4.5,0,0,0
